<?xml version="1.0" encoding="UTF-8"?>
<project-private xmlns="http://www.netbeans.org/ns/project-private/1">
    <editor-bookmarks xmlns="http://www.netbeans.org/ns/editor-bookmarks/2" lastBookmarkId="0"/>
    <open-files xmlns="http://www.netbeans.org/ns/projectui-open-files/2">
        <group>
            <file>file:/Users/erichoppe/NetBeansProjects/Thesis2/src/thesis2/Layer.java</file>
            <file>file:/Users/erichoppe/NetBeansProjects/Thesis2/src/thesis2/Propagation.java</file>
            <file>file:/Users/erichoppe/NetBeansProjects/Thesis2/src/thesis2/NeuralNetwork.java</file>
            <file>file:/Users/erichoppe/NetBeansProjects/Thesis2/src/thesis2/Evaluator.java</file>
            <file>file:/Users/erichoppe/NetBeansProjects/Thesis2/src/thesis2/Discriminator.java</file>
            <file>file:/Users/erichoppe/NetBeansProjects/Thesis2/src/thesis2/Generator.java</file>
        </group>
    </open-files>
</project-private>
